{
  "buildCommand": "prisma generate && next build",
  "devCommand": "next dev",
  "installCommand": "npm install",
  "framework": "nextjs",
  "regions": ["gru1"],
  "env": {
    "DATABASE_URL": "@database_url",
    "NEXTAUTH_SECRET": "@nextauth_secret",
    "NEXTAUTH_URL": "@nextauth_url"
  },
  "build": {
    "env": {
      "PRISMA_GENERATE_SKIP_AUTOINSTALL": "true"
    }
  },
  "functions": {
    "app/api/**/*.ts": {
      "maxDuration": 10
    }
  },
  "headers": [
    {
      "source": "/api/(.*)",
      "headers": [
        {
          "key": "Access-Control-Allow-Credentials",
          "value": "true"
        },
        {
          "key": "Access-Control-Allow-Origin",
          "value": "*"
        },
        {
          "key": "Access-Control-Allow-Methods",
          "value": "GET,OPTIONS,PATCH,DELETE,POST,PUT"
        },
        {
          "key": "Access-Control-Allow-Headers",
          "value": "X-CSRF-Token, X-Requested-With, Accept, Accept-Version, Content-Length, Content-MD5, Content-Type, Date, X-Api-Version"
        }
      ]
    }
  ],
  "rewrites": [
    {
      "source": "/healthz",
      "destination": "/api/health"
    }
  ]
}
